,Time (Seconds),Memory (MiB),Method,Percent
0,544.6878070831299,13318.08203125,scanorama,10.0
1,1628.6104099750519,21972.40625,scanorama,20.0
2,5777.9828181266785,25377.60546875,scanorama,40.0
3,15270.907471895218,25369.80078125,scanorama,60.0
