,Time (Seconds),Memory (MiB),Method,Percent
0,3118.9447531700134,13547.9609375,scVI,10.0
1,3117.3439931869507,18895.33203125,scVI,20.0
2,16927.27128791809,15490.75390625,scVI,40.0
3,13046.843812942505,21159.9140625,scVI,60.0
